{
  "Prod_Request frequency" : {
    "transaction" : "Prod_Request frequency",
    "sampleCount" : 500,
    "errorCount" : 293,
    "errorPct" : 58.6,
    "meanResTime" : 6721.280000000001,
    "minResTime" : 90.0,
    "maxResTime" : 30310.0,
    "pct1ResTime" : 17396.000000000004,
    "pct2ResTime" : 20042.5,
    "pct3ResTime" : 27664.780000000002,
    "throughput" : 0.16795048013683261,
    "receivedKBytesPerSec" : 0.07814847370382537,
    "sentKBytesPerSec" : 0.06046709327348249
  },
  "Local_Base Pins" : {
    "transaction" : "Local_Base Pins",
    "sampleCount" : 500,
    "errorCount" : 0,
    "errorPct" : 0.0,
    "meanResTime" : 112.82200000000003,
    "minResTime" : 10.0,
    "maxResTime" : 3722.0,
    "pct1ResTime" : 340.9000000000007,
    "pct2ResTime" : 573.3999999999994,
    "pct3ResTime" : 1910.8400000000038,
    "throughput" : 10.875948926543842,
    "receivedKBytesPerSec" : 2170.1111207597396,
    "sentKBytesPerSec" : 3.655699575022296
  },
  "Local_Healthcheck" : {
    "transaction" : "Local_Healthcheck",
    "sampleCount" : 500,
    "errorCount" : 0,
    "errorPct" : 0.0,
    "meanResTime" : 15.047999999999998,
    "minResTime" : 0.0,
    "maxResTime" : 809.0,
    "pct1ResTime" : 29.800000000000068,
    "pct2ResTime" : 50.0,
    "pct3ResTime" : 411.7800000000002,
    "throughput" : 10.871219533407258,
    "receivedKBytesPerSec" : 2.622257055421477,
    "sentKBytesPerSec" : 1.327053165699128
  },
  "Prod_Healthcheck" : {
    "transaction" : "Prod_Healthcheck",
    "sampleCount" : 500,
    "errorCount" : 500,
    "errorPct" : 100.0,
    "meanResTime" : 1020.3839999999997,
    "minResTime" : 67.0,
    "maxResTime" : 15045.0,
    "pct1ResTime" : 3404.8000000000047,
    "pct2ResTime" : 5830.949999999999,
    "pct3ResTime" : 13101.900000000003,
    "throughput" : 0.16832936805451984,
    "receivedKBytesPerSec" : 0.041589189568157735,
    "sentKBytesPerSec" : 0.022685012491722403
  },
  "Prod_Time to close" : {
    "transaction" : "Prod_Time to close",
    "sampleCount" : 500,
    "errorCount" : 288,
    "errorPct" : 57.6,
    "meanResTime" : 6905.382,
    "minResTime" : 87.0,
    "maxResTime" : 30311.0,
    "pct1ResTime" : 18249.2,
    "pct2ResTime" : 20896.0,
    "pct3ResTime" : 26201.790000000005,
    "throughput" : 0.16796351295015483,
    "receivedKBytesPerSec" : 0.06288068405324175,
    "sentKBytesPerSec" : 0.059651651127522264
  },
  "Prod_Request counts" : {
    "transaction" : "Prod_Request counts",
    "sampleCount" : 500,
    "errorCount" : 295,
    "errorPct" : 59.0,
    "meanResTime" : 6829.197999999998,
    "minResTime" : 87.0,
    "maxResTime" : 30311.0,
    "pct1ResTime" : 18320.7,
    "pct2ResTime" : 20908.5,
    "pct3ResTime" : 26500.81000000001,
    "throughput" : 0.1679514391926776,
    "receivedKBytesPerSec" : 0.05304936464390432,
    "sentKBytesPerSec" : 0.06538789088178201
  },
  "Local_Request counts" : {
    "transaction" : "Local_Request counts",
    "sampleCount" : 500,
    "errorCount" : 0,
    "errorPct" : 0.0,
    "meanResTime" : 83.786,
    "minResTime" : 10.0,
    "maxResTime" : 1913.0,
    "pct1ResTime" : 329.10000000000065,
    "pct2ResTime" : 440.79999999999995,
    "pct3ResTime" : 752.4900000000005,
    "throughput" : 10.87311079699902,
    "receivedKBytesPerSec" : 2.5706624782537784,
    "sentKBytesPerSec" : 4.100713038218984
  },
  "Total" : {
    "transaction" : "Total",
    "sampleCount" : 5000,
    "errorCount" : 1663,
    "errorPct" : 33.26,
    "meanResTime" : 2853.2102000000054,
    "minResTime" : 0.0,
    "maxResTime" : 39429.0,
    "pct1ResTime" : 14006.30000000001,
    "pct2ResTime" : 16587.9,
    "pct3ResTime" : 24825.879999999997,
    "throughput" : 1.6789335145686097,
    "receivedKBytesPerSec" : 67.56056663460463,
    "sentKBytesPerSec" : 0.522773988098376
  },
  "Local_Request frequency" : {
    "transaction" : "Local_Request frequency",
    "sampleCount" : 500,
    "errorCount" : 0,
    "errorPct" : 0.0,
    "meanResTime" : 93.98000000000009,
    "minResTime" : 15.0,
    "maxResTime" : 2418.0,
    "pct1ResTime" : 323.80000000000075,
    "pct2ResTime" : 460.9,
    "pct3ResTime" : 781.98,
    "throughput" : 10.87429317094389,
    "receivedKBytesPerSec" : 6.7047875774793395,
    "sentKBytesPerSec" : 3.782576154034363
  },
  "Local_Time to close" : {
    "transaction" : "Local_Time to close",
    "sampleCount" : 500,
    "errorCount" : 0,
    "errorPct" : 0.0,
    "meanResTime" : 106.29800000000003,
    "minResTime" : 19.0,
    "maxResTime" : 1345.0,
    "pct1ResTime" : 398.7000000000018,
    "pct2ResTime" : 578.1999999999998,
    "pct3ResTime" : 915.9300000000001,
    "throughput" : 10.873347251217814,
    "receivedKBytesPerSec" : 4.328802715346642,
    "sentKBytesPerSec" : 3.72915460404706
  },
  "Prod_Base Pins" : {
    "transaction" : "Prod_Base Pins",
    "sampleCount" : 500,
    "errorCount" : 287,
    "errorPct" : 57.4,
    "meanResTime" : 6643.9239999999945,
    "minResTime" : 86.0,
    "maxResTime" : 39429.0,
    "pct1ResTime" : 15768.100000000002,
    "pct2ResTime" : 20759.549999999996,
    "pct3ResTime" : 30380.29,
    "throughput" : 0.16816060548580256,
    "receivedKBytesPerSec" : 33.62770096937022,
    "sentKBytesPerSec" : 0.05857211245959101
  }
}