{
  "Prod_Request frequency" : {
    "transaction" : "Prod_Request frequency",
    "sampleCount" : 500,
    "errorCount" : 109,
    "errorPct" : 21.8,
    "meanResTime" : 16148.139999999987,
    "minResTime" : 100.0,
    "maxResTime" : 31843.0,
    "pct1ResTime" : 30233.300000000014,
    "pct2ResTime" : 30412.0,
    "pct3ResTime" : 30622.99,
    "throughput" : 0.07086288315560922,
    "receivedKBytesPerSec" : 0.04460015751047353,
    "sentKBytesPerSec" : 0.027000557735179734
  },
  "Local_Base Pins" : {
    "transaction" : "Local_Base Pins",
    "sampleCount" : 500,
    "errorCount" : 0,
    "errorPct" : 0.0,
    "meanResTime" : 500.75399999999996,
    "minResTime" : 8.0,
    "maxResTime" : 4494.0,
    "pct1ResTime" : 1506.1000000000004,
    "pct2ResTime" : 1800.2999999999997,
    "pct3ResTime" : 2649.000000000001,
    "throughput" : 2.149955065939122,
    "receivedKBytesPerSec" : 6921.3867796374,
    "sentKBytesPerSec" : 0.7703683719572761
  },
  "Local_Healthcheck" : {
    "transaction" : "Local_Healthcheck",
    "sampleCount" : 500,
    "errorCount" : 0,
    "errorPct" : 0.0,
    "meanResTime" : 77.29999999999997,
    "minResTime" : 0.0,
    "maxResTime" : 1885.0,
    "pct1ResTime" : 39.900000000000034,
    "pct2ResTime" : 659.6499999999996,
    "pct3ResTime" : 1585.88,
    "throughput" : 2.1497424608531897,
    "receivedKBytesPerSec" : 0.5185413943659549,
    "sentKBytesPerSec" : 0.2624197339908679
  },
  "Prod_Healthcheck" : {
    "transaction" : "Prod_Healthcheck",
    "sampleCount" : 500,
    "errorCount" : 500,
    "errorPct" : 100.0,
    "meanResTime" : 3621.2419999999997,
    "minResTime" : 66.0,
    "maxResTime" : 33791.0,
    "pct1ResTime" : 10906.800000000003,
    "pct2ResTime" : 16877.1,
    "pct3ResTime" : 30412.99,
    "throughput" : 0.07038867924793919,
    "receivedKBytesPerSec" : 0.017899071256571662,
    "sentKBytesPerSec" : 0.009485974351773056
  },
  "Prod_Time to close" : {
    "transaction" : "Prod_Time to close",
    "sampleCount" : 500,
    "errorCount" : 99,
    "errorPct" : 19.8,
    "meanResTime" : 16485.728000000006,
    "minResTime" : 100.0,
    "maxResTime" : 50956.0,
    "pct1ResTime" : 29707.4,
    "pct2ResTime" : 30387.85,
    "pct3ResTime" : 31020.010000000002,
    "throughput" : 0.07059491606476265,
    "receivedKBytesPerSec" : 0.037879825577258164,
    "sentKBytesPerSec" : 0.026553753731117805
  },
  "Prod_Request counts" : {
    "transaction" : "Prod_Request counts",
    "sampleCount" : 500,
    "errorCount" : 108,
    "errorPct" : 21.6,
    "meanResTime" : 16201.674000000006,
    "minResTime" : 108.0,
    "maxResTime" : 52114.0,
    "pct1ResTime" : 30000.600000000002,
    "pct2ResTime" : 30411.65,
    "pct3ResTime" : 30618.98,
    "throughput" : 0.07113231549628875,
    "receivedKBytesPerSec" : 0.023846691979219688,
    "sentKBytesPerSec" : 0.02918717285358949
  },
  "Local_Request counts" : {
    "transaction" : "Local_Request counts",
    "sampleCount" : 500,
    "errorCount" : 0,
    "errorPct" : 0.0,
    "meanResTime" : 414.2040000000003,
    "minResTime" : 9.0,
    "maxResTime" : 2670.0,
    "pct1ResTime" : 1182.9,
    "pct2ResTime" : 1389.5,
    "pct3ResTime" : 2027.95,
    "throughput" : 2.150889177586014,
    "receivedKBytesPerSec" : 0.6185066672187283,
    "sentKBytesPerSec" : 0.85892314523449
  },
  "Total" : {
    "transaction" : "Total",
    "sampleCount" : 5000,
    "errorCount" : 896,
    "errorPct" : 17.92,
    "meanResTime" : 7250.049000000013,
    "minResTime" : 0.0,
    "maxResTime" : 83462.0,
    "pct1ResTime" : 22807.200000000004,
    "pct2ResTime" : 29850.349999999988,
    "pct3ResTime" : 34845.56999999997,
    "throughput" : 0.702124023468355,
    "receivedKBytesPerSec" : 657.2849487750938,
    "sentKBytesPerSec" : 0.2307514147096949
  },
  "Local_Request frequency" : {
    "transaction" : "Local_Request frequency",
    "sampleCount" : 500,
    "errorCount" : 0,
    "errorPct" : 0.0,
    "meanResTime" : 480.66800000000006,
    "minResTime" : 14.0,
    "maxResTime" : 3133.0,
    "pct1ResTime" : 1386.1000000000004,
    "pct2ResTime" : 1530.9,
    "pct3ResTime" : 2393.750000000001,
    "throughput" : 2.1507874032683367,
    "receivedKBytesPerSec" : 1.4052035075040972,
    "sentKBytesPerSec" : 0.7958711535855776
  },
  "Local_Time to close" : {
    "transaction" : "Local_Time to close",
    "sampleCount" : 500,
    "errorCount" : 0,
    "errorPct" : 0.0,
    "meanResTime" : 552.726,
    "minResTime" : 17.0,
    "maxResTime" : 3092.0,
    "pct1ResTime" : 1643.9,
    "pct2ResTime" : 1846.1,
    "pct3ResTime" : 2608.0600000000018,
    "throughput" : 2.1505746335420826,
    "receivedKBytesPerSec" : 1.3184492622991362,
    "sentKBytesPerSec" : 0.7852915681882698
  },
  "Prod_Base Pins" : {
    "transaction" : "Prod_Base Pins",
    "sampleCount" : 500,
    "errorCount" : 80,
    "errorPct" : 16.0,
    "meanResTime" : 18018.053999999996,
    "minResTime" : 97.0,
    "maxResTime" : 83462.0,
    "pct1ResTime" : 33280.20000000002,
    "pct2ResTime" : 39541.799999999996,
    "pct3ResTime" : 51884.66,
    "throughput" : 0.07033333075444453,
    "receivedKBytesPerSec" : 431.74199057766344,
    "sentKBytesPerSec" : 0.02597456610489091
  }
}